{"cameraMode":{"drawMode":0,"name":"Shaded","section":"Shading Mode"},"sceneLighting":true,"audioPlay":false,"sceneViewState":{"showFog":true,"showMaterialUpdate":false,"showSkybox":true,"showFlares":true,"showImageEffects":true,"showParticleSystems":true},"in2DMode":false,"pivot":{"x":-10.699999809265137,"y":-7.34999942779541,"z":13.399999618530274},"rotation":{"x":-0.2822532653808594,"y":-0.245955228805542,"z":0.07511505484580994,"w":-0.9242277145385742},"size":33.42172622680664,"orthographic":true}