{"cameraMode":{"drawMode":0,"name":"Shaded","section":"Shading Mode"},"sceneLighting":true,"audioPlay":false,"sceneViewState":{"showFog":true,"showMaterialUpdate":false,"showSkybox":true,"showFlares":true,"showImageEffects":true,"showParticleSystems":true},"in2DMode":false,"pivot":{"x":-0.23169922828674317,"y":2.6572580337524416,"z":-8.892304420471192},"rotation":{"x":0.1695331484079361,"y":0.19952800869941712,"z":-0.03507456183433533,"w":0.9644775390625},"size":20.8602294921875,"orthographic":true}