{"cameraMode":{"drawMode":0,"name":"Shaded","section":"Shading Mode"},"sceneLighting":true,"audioPlay":false,"sceneViewState":{"showFog":true,"showMaterialUpdate":false,"showSkybox":true,"showFlares":true,"showImageEffects":true,"showParticleSystems":true},"in2DMode":false,"pivot":{"x":-29.600000381469728,"y":-5.2900004386901859,"z":-1.5900001525878907},"rotation":{"x":0.19783218204975129,"y":0.3606043756008148,"z":-0.07855824381113053,"w":0.9081054925918579},"size":38.29607391357422,"orthographic":true}