{"cameraMode":{"drawMode":0,"name":"Shaded","section":"Shading Mode"},"sceneLighting":true,"audioPlay":false,"sceneViewState":{"showFog":true,"showMaterialUpdate":true,"showSkybox":true,"showFlares":true,"showImageEffects":true,"showParticleSystems":true},"in2DMode":false,"pivot":{"x":-80.38005828857422,"y":7.390837669372559,"z":38.618038177490237},"rotation":{"x":0.34049317240715029,"y":0.2721489369869232,"z":-0.10365034639835358,"w":0.8940111994743347},"size":129.0552978515625,"orthographic":true}