{"cameraMode":{"drawMode":0,"name":"Shaded","section":"Shading Mode"},"sceneLighting":true,"audioPlay":false,"sceneViewState":{"showFog":true,"showMaterialUpdate":true,"showSkybox":true,"showFlares":true,"showImageEffects":true,"showParticleSystems":true},"in2DMode":false,"pivot":{"x":-48.08863067626953,"y":-17.75,"z":30.24044418334961},"rotation":{"x":0.21541288495063783,"y":0.26699280738830569,"z":-0.061362024396657947,"w":0.9373083114624023},"size":82.30162811279297,"orthographic":true}