{"cameraMode":{"drawMode":0,"name":"Shaded","section":"Shading Mode"},"sceneLighting":true,"audioPlay":false,"sceneViewState":{"showFog":true,"showMaterialUpdate":true,"showSkybox":true,"showFlares":true,"showImageEffects":true,"showParticleSystems":true},"in2DMode":false,"pivot":{"x":-346.88494873046877,"y":249.55470275878907,"z":-317.7103271484375},"rotation":{"x":0.17559784650802613,"y":0.2580079138278961,"z":-0.047771766781806949,"w":0.9488494396209717},"size":396.9332580566406,"orthographic":true}