{"cameraMode":{"drawMode":0,"name":"Shaded","section":"Shading Mode"},"sceneLighting":true,"audioPlay":false,"sceneViewState":{"showFog":true,"showMaterialUpdate":false,"showSkybox":true,"showFlares":true,"showImageEffects":true,"showParticleSystems":true},"in2DMode":false,"pivot":{"x":-1.876159429550171,"y":-0.20188771188259126,"z":-0.0011704897042363883},"rotation":{"x":0.10035084933042526,"y":0.6931257247924805,"z":-0.09838344901800156,"w":0.7069845199584961},"size":8.001432418823243,"orthographic":true}