{"cameraMode":{"drawMode":0,"name":"Shaded","section":"Shading Mode"},"sceneLighting":false,"audioPlay":false,"sceneViewState":{"showFog":true,"showMaterialUpdate":false,"showSkybox":true,"showFlares":true,"showImageEffects":true,"showParticleSystems":true},"in2DMode":false,"pivot":{"x":-3.7741427421569826,"y":1.9085326194763184,"z":2.4870285987854006},"rotation":{"x":0.18584264814853669,"y":0.4308233857154846,"z":-0.09115084260702133,"w":0.8783765435218811},"size":14.543959617614746,"orthographic":true}