{"cameraMode":{"drawMode":0,"name":"Shaded","section":"Shading Mode"},"sceneLighting":true,"audioPlay":false,"sceneViewState":{"showFog":true,"showMaterialUpdate":true,"showSkybox":true,"showFlares":true,"showImageEffects":true,"showParticleSystems":true},"in2DMode":false,"pivot":{"x":-257.5,"y":24.808021545410158,"z":-163.1999969482422},"rotation":{"x":0.19591502845287324,"y":0.4559940993785858,"z":-0.10364826023578644,"w":0.8619418740272522},"size":623.6019897460938,"orthographic":true}